1,1,1,1,Poniedziałek,0
2,1,2,2,Wtorek,1
3,1,3,3,Środa,1
4,1,4,4,Czwartek,1
5,1,5,5,Piątek,1
6,1,6,6,Sobota,0
7,1,7,7,Niedziela,0
8,1,8,1,Poniedziałek,1
9,1,9,2,Wtorek,1
10,1,10,3,Środa,1
11,1,11,4,Czwartek,1
12,1,12,5,Piątek,1
13,1,13,6,Sobota,0
14,1,14,7,Niedziela,0
15,1,15,1,Poniedziałek,1
16,1,16,2,Wtorek,1
17,1,17,3,Środa,1
18,1,18,4,Czwartek,1
19,1,19,5,Piątek,1
20,1,20,6,Sobota,0
21,1,21,7,Niedziela,0
22,1,22,1,Poniedziałek,1
23,1,23,2,Wtorek,1
24,1,24,3,Środa,1
25,1,25,4,Czwartek,1
26,1,26,5,Piątek,1
27,1,27,6,Sobota,0
28,1,28,7,Niedziela,0
29,1,29,1,Poniedziałek,1
30,1,30,2,Wtorek,1
31,1,31,3,Środa,1
32,2,1,4,Czwartek,1
33,2,2,5,Piątek,1
34,2,3,6,Sobota,0
35,2,4,7,Niedziela,0
36,2,5,1,Poniedziałek,1
37,2,6,2,Wtorek,1
38,2,7,3,Środa,1
39,2,8,4,Czwartek,1
40,2,9,5,Piątek,1
41,2,10,6,Sobota,0
42,2,11,7,Niedziela,0
43,2,12,1,Poniedziałek,1
44,2,13,2,Wtorek,1
45,2,14,3,Środa,1
46,2,15,4,Czwartek,1
47,2,16,5,Piątek,1
48,2,17,6,Sobota,0
49,2,18,7,Niedziela,0
50,2,19,1,Poniedziałek,1
51,2,20,2,Wtorek,1
52,2,21,3,Środa,1
53,2,22,4,Czwartek,1
54,2,23,5,Piątek,1
55,2,24,6,Sobota,0
56,2,25,7,Niedziela,0
57,2,26,1,Poniedziałek,1
58,2,27,2,Wtorek,1
59,2,28,3,Środa,1
60,3,1,4,Czwartek,1
61,3,2,5,Piątek,1
62,3,3,6,Sobota,0
63,3,4,7,Niedziela,0
64,3,5,1,Poniedziałek,1
65,3,6,2,Wtorek,1
66,3,7,3,Środa,1
67,3,8,4,Czwartek,1
68,3,9,5,Piątek,1
69,3,10,6,Sobota,0
70,3,11,7,Niedziela,0
71,3,12,1,Poniedziałek,1
72,3,13,2,Wtorek,1
73,3,14,3,Środa,1
74,3,15,4,Czwartek,1
75,3,16,5,Piątek,1
76,3,17,6,Sobota,0
77,3,18,7,Niedziela,0
78,3,19,1,Poniedziałek,1
79,3,20,2,Wtorek,1
80,3,21,3,Środa,1
81,3,22,4,Czwartek,1
82,3,23,5,Piątek,1
83,3,24,6,Sobota,0
84,3,25,7,Niedziela,0
85,3,26,1,Poniedziałek,1
86,3,27,2,Wtorek,1
87,3,28,3,Środa,1
88,3,29,4,Czwartek,1
89,3,30,5,Piątek,1
90,3,31,6,Sobota,0
91,4,1,7,Niedziela,0
92,4,2,1,Poniedziałek,1
93,4,3,2,Wtorek,1
94,4,4,3,Środa,1
95,4,5,4,Czwartek,0
96,4,6,5,Piątek,1
97,4,7,6,Sobota,0
98,4,8,7,Niedziela,0
99,4,9,1,Poniedziałek,1
100,4,10,2,Wtorek,1
101,4,11,3,Środa,1
102,4,12,4,Czwartek,1
103,4,13,5,Piątek,1
104,4,14,6,Sobota,0
105,4,15,7,Niedziela,0
106,4,16,1,Poniedziałek,1
107,4,17,2,Wtorek,1
108,4,18,3,Środa,1
109,4,19,4,Czwartek,1
110,4,20,5,Piątek,1
111,4,21,6,Sobota,0
112,4,22,7,Niedziela,0
113,4,23,1,Poniedziałek,1
114,4,24,2,Wtorek,1
115,4,25,3,Środa,1
116,4,26,4,Czwartek,1
117,4,27,5,Piątek,1
118,4,28,6,Sobota,0
119,4,29,7,Niedziela,0
120,4,30,1,Poniedziałek,1
121,5,1,2,Wtorek,1
122,5,2,3,Środa,1
123,5,3,4,Czwartek,0
124,5,4,5,Piątek,1
125,5,5,6,Sobota,0
126,5,6,7,Niedziela,0
127,5,7,1,Poniedziałek,1
128,5,8,2,Wtorek,1
129,5,9,3,Środa,1
130,5,10,4,Czwartek,1
131,5,11,5,Piątek,1
132,5,12,6,Sobota,0
133,5,13,7,Niedziela,0
134,5,14,1,Poniedziałek,1
135,5,15,2,Wtorek,1
136,5,16,3,Środa,1
137,5,17,4,Czwartek,1
138,5,18,5,Piątek,1
139,5,19,6,Sobota,0
140,5,20,7,Niedziela,0
141,5,21,1,Poniedziałek,1
142,5,22,2,Wtorek,1
143,5,23,3,Środa,1
144,5,24,4,Czwartek,1
145,5,25,5,Piątek,1
146,5,26,6,Sobota,0
147,5,27,7,Niedziela,0
148,5,28,1,Poniedziałek,1
149,5,29,2,Wtorek,1
150,5,30,3,Środa,1
151,5,31,4,Czwartek,1
152,6,1,5,Piątek,1
153,6,2,6,Sobota,0
154,6,3,7,Niedziela,0
155,6,4,1,Poniedziałek,1
156,6,5,2,Wtorek,1
157,6,6,3,Środa,1
158,6,7,4,Czwartek,1
159,6,8,5,Piątek,1
160,6,9,6,Sobota,0
161,6,10,7,Niedziela,0
162,6,11,1,Poniedziałek,1
163,6,12,2,Wtorek,1
164,6,13,3,Środa,1
165,6,14,4,Czwartek,1
166,6,15,5,Piątek,1
167,6,16,6,Sobota,0
168,6,17,7,Niedziela,0
169,6,18,1,Poniedziałek,1
170,6,19,2,Wtorek,1
171,6,20,3,Środa,1
172,6,21,4,Czwartek,1
173,6,22,5,Piątek,1
174,6,23,6,Sobota,0
175,6,24,7,Niedziela,0
176,6,25,1,Poniedziałek,1
177,6,26,2,Wtorek,1
178,6,27,3,Środa,1
179,6,28,4,Czwartek,1
180,6,29,5,Piątek,1
181,6,30,6,Sobota,0
182,7,1,7,Niedziela,0
183,7,2,1,Poniedziałek,1
184,7,3,2,Wtorek,1
185,7,4,3,Środa,1
186,7,5,4,Czwartek,1
187,7,6,5,Piątek,1
188,7,7,6,Sobota,0
189,7,8,7,Niedziela,0
190,7,9,1,Poniedziałek,1
191,7,10,2,Wtorek,1
192,7,11,3,Środa,1
193,7,12,4,Czwartek,1
194,7,13,5,Piątek,1
195,7,14,6,Sobota,0
196,7,15,7,Niedziela,0
197,7,16,1,Poniedziałek,1
198,7,17,2,Wtorek,1
199,7,18,3,Środa,1
200,7,19,4,Czwartek,1
201,7,20,5,Piątek,1
202,7,21,6,Sobota,0
203,7,22,7,Niedziela,0
204,7,23,1,Poniedziałek,1
205,7,24,2,Wtorek,1
206,7,25,3,Środa,1
207,7,26,4,Czwartek,1
208,7,27,5,Piątek,1
209,7,28,6,Sobota,0
210,7,29,7,Niedziela,0
211,7,30,1,Poniedziałek,1
212,7,31,2,Wtorek,1
213,8,1,3,Środa,1
214,8,2,4,Czwartek,1
215,8,3,5,Piątek,1
216,8,4,6,Sobota,0
217,8,5,7,Niedziela,0
218,8,6,1,Poniedziałek,1
219,8,7,2,Wtorek,1
220,8,8,3,Środa,1
221,8,9,4,Czwartek,1
222,8,10,5,Piątek,1
223,8,11,6,Sobota,0
224,8,12,7,Niedziela,0
225,8,13,1,Poniedziałek,1
226,8,14,2,Wtorek,1
227,8,15,3,Środa,1
228,8,16,4,Czwartek,1
229,8,17,5,Piątek,1
230,8,18,6,Sobota,0
231,8,19,7,Niedziela,0
232,8,20,1,Poniedziałek,1
233,8,21,2,Wtorek,1
234,8,22,3,Środa,1
235,8,23,4,Czwartek,1
236,8,24,5,Piątek,1
237,8,25,6,Sobota,0
238,8,26,7,Niedziela,0
239,8,27,1,Poniedziałek,1
240,8,28,2,Wtorek,1
241,8,29,3,Środa,1
242,8,30,4,Czwartek,1
243,8,31,5,Piątek,1
244,9,1,6,Sobota,0
245,9,2,7,Niedziela,0
246,9,3,1,Poniedziałek,1
247,9,4,2,Wtorek,1
248,9,5,3,Środa,1
249,9,6,4,Czwartek,1
250,9,7,5,Piątek,1
251,9,8,6,Sobota,0
252,9,9,7,Niedziela,0
253,9,10,1,Poniedziałek,1
254,9,11,2,Wtorek,1
255,9,12,3,Środa,1
256,9,13,4,Czwartek,1
257,9,14,5,Piątek,1
258,9,15,6,Sobota,0
259,9,16,7,Niedziela,0
260,9,17,1,Poniedziałek,1
261,9,18,2,Wtorek,1
262,9,19,3,Środa,1
263,9,20,4,Czwartek,1
264,9,21,5,Piątek,1
265,9,22,6,Sobota,0
266,9,23,7,Niedziela,0
267,9,24,1,Poniedziałek,1
268,9,25,2,Wtorek,1
269,9,26,3,Środa,1
270,9,27,4,Czwartek,1
271,9,28,5,Piątek,1
272,9,29,6,Sobota,0
273,9,30,7,Niedziela,0
274,10,1,1,Poniedziałek,1
275,10,2,2,Wtorek,1
276,10,3,3,Środa,1
277,10,4,4,Czwartek,1
278,10,5,5,Piątek,1
279,10,6,6,Sobota,0
280,10,7,7,Niedziela,0
281,10,8,1,Poniedziałek,1
282,10,9,2,Wtorek,1
283,10,10,3,Środa,1
284,10,11,4,Czwartek,1
285,10,12,5,Piątek,1
286,10,13,6,Sobota,0
287,10,14,7,Niedziela,0
288,10,15,1,Poniedziałek,1
289,10,16,2,Wtorek,1
290,10,17,3,Środa,1
291,10,18,4,Czwartek,1
292,10,19,5,Piątek,1
293,10,20,6,Sobota,0
294,10,21,7,Niedziela,0
295,10,22,1,Poniedziałek,1
296,10,23,2,Wtorek,1
297,10,24,3,Środa,1
298,10,25,4,Czwartek,1
299,10,26,5,Piątek,1
300,10,27,6,Sobota,0
301,10,28,7,Niedziela,0
302,10,29,1,Poniedziałek,1
303,10,30,2,Wtorek,1
304,10,31,3,Środa,1
305,11,1,4,Czwartek,0
306,11,2,5,Piątek,1
307,11,3,6,Sobota,0
308,11,4,7,Niedziela,0
309,11,5,1,Poniedziałek,1
310,11,6,2,Wtorek,1
311,11,7,3,Środa,1
312,11,8,4,Czwartek,1
313,11,9,5,Piątek,1
314,11,10,6,Sobota,0
315,11,11,7,Niedziela,0
316,11,12,1,Poniedziałek,1
317,11,13,2,Wtorek,1
318,11,14,3,Środa,1
319,11,15,4,Czwartek,1
320,11,16,5,Piątek,1
321,11,17,6,Sobota,0
322,11,18,7,Niedziela,0
323,11,19,1,Poniedziałek,1
324,11,20,2,Wtorek,1
325,11,21,3,Środa,1
326,11,22,4,Czwartek,1
327,11,23,5,Piątek,1
328,11,24,6,Sobota,0
329,11,25,7,Niedziela,0
330,11,26,1,Poniedziałek,1
331,11,27,2,Wtorek,1
332,11,28,3,Środa,1
333,11,29,4,Czwartek,1
334,11,30,5,Piątek,1
335,12,1,6,Sobota,0
336,12,2,7,Niedziela,0
337,12,3,1,Poniedziałek,1
338,12,4,2,Wtorek,1
339,12,5,3,Środa,1
340,12,6,4,Czwartek,1
341,12,7,5,Piątek,1
342,12,8,6,Sobota,0
343,12,9,7,Niedziela,0
344,12,10,1,Poniedziałek,1
345,12,11,2,Wtorek,1
346,12,12,3,Środa,1
347,12,13,4,Czwartek,1
348,12,14,5,Piątek,1
349,12,15,6,Sobota,0
350,12,16,7,Niedziela,0
351,12,17,1,Poniedziałek,1
352,12,18,2,Wtorek,1
353,12,19,3,Środa,1
354,12,20,4,Czwartek,1
355,12,21,5,Piątek,1
356,12,22,6,Sobota,0
357,12,23,7,Niedziela,0
358,12,24,1,Poniedziałek,1
359,12,25,2,Wtorek,1
360,12,26,3,Środa,1
361,12,27,4,Czwartek,1
362,12,28,5,Piątek,1
363,12,29,6,Sobota,0
364,12,30,7,Niedziela,0
365,12,31,1,Poniedziałek,1
366,13,1,2,Wtorek,1
367,13,2,3,Środa,1
368,13,3,4,Czwartek,1
369,13,4,5,Piątek,1
370,13,5,6,Sobota,0
371,13,6,7,Niedziela,0
372,13,7,1,Poniedziałek,1
373,13,8,2,Wtorek,1
374,13,9,3,Środa,1
375,13,10,4,Czwartek,1
376,13,11,5,Piątek,1
377,13,12,6,Sobota,0
378,13,13,7,Niedziela,0
379,13,14,1,Poniedziałek,1
380,13,15,2,Wtorek,1
381,13,16,3,Środa,1
382,13,17,4,Czwartek,1
383,13,18,5,Piątek,1
384,13,19,6,Sobota,0
385,13,20,7,Niedziela,0
386,13,21,1,Poniedziałek,1
387,13,22,2,Wtorek,1
388,13,23,3,Środa,1
389,13,24,4,Czwartek,1
390,13,25,5,Piątek,1
391,13,26,6,Sobota,0
392,13,27,7,Niedziela,0
393,13,28,1,Poniedziałek,1
394,13,29,2,Wtorek,1
395,13,30,3,Środa,1
396,13,31,4,Czwartek,1
397,14,1,5,Piątek,1
398,14,2,6,Sobota,0
399,14,3,7,Niedziela,0
400,14,4,1,Poniedziałek,1
401,14,5,2,Wtorek,1
402,14,6,3,Środa,1
403,14,7,4,Czwartek,1
404,14,8,5,Piątek,1
405,14,9,6,Sobota,0
406,14,10,7,Niedziela,0
407,14,11,1,Poniedziałek,1
408,14,12,2,Wtorek,1
409,14,13,3,Środa,1
410,14,14,4,Czwartek,1
411,14,15,5,Piątek,1
412,14,16,6,Sobota,0
413,14,17,7,Niedziela,0
414,14,18,1,Poniedziałek,1
415,14,19,2,Wtorek,1
416,14,20,3,Środa,1
417,14,21,4,Czwartek,1
418,14,22,5,Piątek,1
419,14,23,6,Sobota,0
420,14,24,7,Niedziela,0
421,14,25,1,Poniedziałek,1
422,14,26,2,Wtorek,1
423,14,27,3,Środa,1
424,14,28,4,Czwartek,1
425,15,1,5,Piątek,1
426,15,2,6,Sobota,0
427,15,3,7,Niedziela,0
428,15,4,1,Poniedziałek,1
429,15,5,2,Wtorek,1
430,15,6,3,Środa,1
431,15,7,4,Czwartek,1
432,15,8,5,Piątek,1
433,15,9,6,Sobota,0
434,15,10,7,Niedziela,0
435,15,11,1,Poniedziałek,1
436,15,12,2,Wtorek,1
437,15,13,3,Środa,1
438,15,14,4,Czwartek,1
439,15,15,5,Piątek,1
440,15,16,6,Sobota,0
441,15,17,7,Niedziela,0
442,15,18,1,Poniedziałek,1
443,15,19,2,Wtorek,1
444,15,20,3,Środa,1
445,15,21,4,Czwartek,1
446,15,22,5,Piątek,1
447,15,23,6,Sobota,0
448,15,24,7,Niedziela,0
449,15,25,1,Poniedziałek,1
450,15,26,2,Wtorek,1
451,15,27,3,Środa,1
452,15,28,4,Czwartek,1
453,15,29,5,Piątek,1
454,15,30,6,Sobota,0
455,15,31,7,Niedziela,0
456,16,1,1,Poniedziałek,1
457,16,2,2,Wtorek,1
458,16,3,3,Środa,1
459,16,4,4,Czwartek,1
460,16,5,5,Piątek,1
461,16,6,6,Sobota,0
462,16,7,7,Niedziela,0
463,16,8,1,Poniedziałek,1
464,16,9,2,Wtorek,1
465,16,10,3,Środa,1
466,16,11,4,Czwartek,1
467,16,12,5,Piątek,1
468,16,13,6,Sobota,0
469,16,14,7,Niedziela,0
470,16,15,1,Poniedziałek,1
471,16,16,2,Wtorek,1
472,16,17,3,Środa,1
473,16,18,4,Czwartek,1
474,16,19,5,Piątek,1
475,16,20,6,Sobota,0
476,16,21,7,Niedziela,0
477,16,22,1,Poniedziałek,1
478,16,23,2,Wtorek,1
479,16,24,3,Środa,1
480,16,25,4,Czwartek,0
481,16,26,5,Piątek,1
482,16,27,6,Sobota,0
483,16,28,7,Niedziela,0
484,16,29,1,Poniedziałek,1
485,16,30,2,Wtorek,1
486,17,1,3,Środa,1
487,17,2,4,Czwartek,1
488,17,3,5,Piątek,0
489,17,4,6,Sobota,0
490,17,5,7,Niedziela,0
491,17,6,1,Poniedziałek,1
492,17,7,2,Wtorek,1
493,17,8,3,Środa,1
494,17,9,4,Czwartek,1
495,17,10,5,Piątek,1
496,17,11,6,Sobota,0
497,17,12,7,Niedziela,0
498,17,13,1,Poniedziałek,1
499,17,14,2,Wtorek,1
500,17,15,3,Środa,1
501,17,16,4,Czwartek,1
502,17,17,5,Piątek,1
503,17,18,6,Sobota,0
504,17,19,7,Niedziela,0
505,17,20,1,Poniedziałek,1
506,17,21,2,Wtorek,1
507,17,22,3,Środa,1
508,17,23,4,Czwartek,1
509,17,24,5,Piątek,1
510,17,25,6,Sobota,0
511,17,26,7,Niedziela,0
512,17,27,1,Poniedziałek,1
513,17,28,2,Wtorek,1
514,17,29,3,Środa,1
515,17,30,4,Czwartek,1
516,17,31,5,Piątek,1
517,18,1,6,Sobota,0
518,18,2,7,Niedziela,0
519,18,3,1,Poniedziałek,1
520,18,4,2,Wtorek,1
521,18,5,3,Środa,1
522,18,6,4,Czwartek,1
523,18,7,5,Piątek,1
524,18,8,6,Sobota,0
525,18,9,7,Niedziela,0
526,18,10,1,Poniedziałek,1
527,18,11,2,Wtorek,1
528,18,12,3,Środa,1
529,18,13,4,Czwartek,1
530,18,14,5,Piątek,1
531,18,15,6,Sobota,0
532,18,16,7,Niedziela,0
533,18,17,1,Poniedziałek,1
534,18,18,2,Wtorek,1
535,18,19,3,Środa,1
536,18,20,4,Czwartek,1
537,18,21,5,Piątek,1
538,18,22,6,Sobota,0
539,18,23,7,Niedziela,0
540,18,24,1,Poniedziałek,1
541,18,25,2,Wtorek,1
542,18,26,3,Środa,1
543,18,27,4,Czwartek,1
544,18,28,5,Piątek,1
545,18,29,6,Sobota,0
546,18,30,7,Niedziela,0
547,19,1,1,Poniedziałek,1
548,19,2,2,Wtorek,1
549,19,3,3,Środa,1
550,19,4,4,Czwartek,1
551,19,5,5,Piątek,1
552,19,6,6,Sobota,0
553,19,7,7,Niedziela,0
554,19,8,1,Poniedziałek,1
555,19,9,2,Wtorek,1
556,19,10,3,Środa,1
557,19,11,4,Czwartek,1
558,19,12,5,Piątek,1
559,19,13,6,Sobota,0
560,19,14,7,Niedziela,0
561,19,15,1,Poniedziałek,1
562,19,16,2,Wtorek,1
563,19,17,3,Środa,1
564,19,18,4,Czwartek,1
565,19,19,5,Piątek,1
566,19,20,6,Sobota,0
567,19,21,7,Niedziela,0
568,19,22,1,Poniedziałek,1
569,19,23,2,Wtorek,1
570,19,24,3,Środa,1
571,19,25,4,Czwartek,1
572,19,26,5,Piątek,1
573,19,27,6,Sobota,0
574,19,28,7,Niedziela,0
575,19,29,1,Poniedziałek,1
576,19,30,2,Wtorek,1
577,19,31,3,Środa,1
578,20,1,4,Czwartek,1
579,20,2,5,Piątek,1
580,20,3,6,Sobota,0
581,20,4,7,Niedziela,0
582,20,5,1,Poniedziałek,1
583,20,6,2,Wtorek,1
584,20,7,3,Środa,1
585,20,8,4,Czwartek,1
586,20,9,5,Piątek,1
587,20,10,6,Sobota,0
588,20,11,7,Niedziela,0
589,20,12,1,Poniedziałek,1
590,20,13,2,Wtorek,1
591,20,14,3,Środa,1
592,20,15,4,Czwartek,0
593,20,16,5,Piątek,1
594,20,17,6,Sobota,0
595,20,18,7,Niedziela,0
596,20,19,1,Poniedziałek,1
597,20,20,2,Wtorek,1
598,20,21,3,Środa,1
599,20,22,4,Czwartek,1
600,20,23,5,Piątek,1
601,20,24,6,Sobota,0
602,20,25,7,Niedziela,0
603,20,26,1,Poniedziałek,1
604,20,27,2,Wtorek,1
605,20,28,3,Środa,1
606,20,29,4,Czwartek,1
607,20,30,5,Piątek,1
608,20,31,6,Sobota,0
609,21,1,7,Niedziela,0
610,21,2,1,Poniedziałek,1
611,21,3,2,Wtorek,1
612,21,4,3,Środa,1
613,21,5,4,Czwartek,1
614,21,6,5,Piątek,1
615,21,7,6,Sobota,0
616,21,8,7,Niedziela,0
617,21,9,1,Poniedziałek,1
618,21,10,2,Wtorek,1
619,21,11,3,Środa,1
620,21,12,4,Czwartek,1
621,21,13,5,Piątek,1
622,21,14,6,Sobota,0
623,21,15,7,Niedziela,0
624,21,16,1,Poniedziałek,1
625,21,17,2,Wtorek,1
626,21,18,3,Środa,1
627,21,19,4,Czwartek,1
628,21,20,5,Piątek,1
629,21,21,6,Sobota,0
630,21,22,7,Niedziela,0
631,21,23,1,Poniedziałek,1
632,21,24,2,Wtorek,1
633,21,25,3,Środa,1
634,21,26,4,Czwartek,1
635,21,27,5,Piątek,1
636,21,28,6,Sobota,0
637,21,29,7,Niedziela,0
638,21,30,1,Poniedziałek,1
639,22,1,2,Wtorek,1
640,22,2,3,Środa,1
641,22,3,4,Czwartek,1
642,22,4,5,Piątek,1
643,22,5,6,Sobota,0
644,22,6,7,Niedziela,0
645,22,7,1,Poniedziałek,1
646,22,8,2,Wtorek,1
647,22,9,3,Środa,1
648,22,10,4,Czwartek,1
649,22,11,5,Piątek,1
650,22,12,6,Sobota,0
651,22,13,7,Niedziela,0
652,22,14,1,Poniedziałek,1
653,22,15,2,Wtorek,1
654,22,16,3,Środa,1
655,22,17,4,Czwartek,1
656,22,18,5,Piątek,1
657,22,19,6,Sobota,0
658,22,20,7,Niedziela,0
659,22,21,1,Poniedziałek,1
660,22,22,2,Wtorek,1
661,22,23,3,Środa,1
662,22,24,4,Czwartek,1
663,22,25,5,Piątek,1
664,22,26,6,Sobota,0
665,22,27,7,Niedziela,0
666,22,28,1,Poniedziałek,1
667,22,29,2,Wtorek,1
668,22,30,3,Środa,1
669,22,31,4,Czwartek,1
670,23,1,5,Piątek,0
671,23,2,6,Sobota,0
672,23,3,7,Niedziela,0
673,23,4,1,Poniedziałek,1
674,23,5,2,Wtorek,1
675,23,6,3,Środa,1
676,23,7,4,Czwartek,1
677,23,8,5,Piątek,1
678,23,9,6,Sobota,0
679,23,10,7,Niedziela,0
680,23,11,1,Poniedziałek,0
681,23,12,2,Wtorek,1
682,23,13,3,Środa,1
683,23,14,4,Czwartek,1
684,23,15,5,Piątek,1
685,23,16,6,Sobota,0
686,23,17,7,Niedziela,0
687,23,18,1,Poniedziałek,1
688,23,19,2,Wtorek,1
689,23,20,3,Środa,1
690,23,21,4,Czwartek,1
691,23,22,5,Piątek,1
692,23,23,6,Sobota,0
693,23,24,7,Niedziela,0
694,23,25,1,Poniedziałek,1
695,23,26,2,Wtorek,1
696,23,27,3,Środa,1
697,23,28,4,Czwartek,1
698,23,29,5,Piątek,1
699,23,30,6,Sobota,0
700,24,1,7,Niedziela,0
701,24,2,1,Poniedziałek,1
702,24,3,2,Wtorek,1
703,24,4,3,Środa,1
704,24,5,4,Czwartek,1
705,24,6,5,Piątek,1
706,24,7,6,Sobota,0
707,24,8,7,Niedziela,0
708,24,9,1,Poniedziałek,1
709,24,10,2,Wtorek,1
710,24,11,3,Środa,1
711,24,12,4,Czwartek,1
712,24,13,5,Piątek,1
713,24,14,6,Sobota,0
714,24,15,7,Niedziela,0
715,24,16,1,Poniedziałek,1
716,24,17,2,Wtorek,1
717,24,18,3,Środa,1
718,24,19,4,Czwartek,1
719,24,20,5,Piątek,1
720,24,21,6,Sobota,0
721,24,22,7,Niedziela,0
722,24,23,1,Poniedziałek,1
723,24,24,2,Wtorek,1
724,24,25,3,Środa,1
725,24,26,4,Czwartek,0
726,24,27,5,Piątek,1
727,24,28,6,Sobota,0
728,24,29,7,Niedziela,0
729,24,30,1,Poniedziałek,1
730,24,31,2,Wtorek,1
731,48,32,3,Środa,1
732,72,33,4,Czwartek,1
733,96,34,5,Piątek,1
734,120,35,6,Sobota,0
735,144,36,7,Niedziela,0
736,168,37,1,Poniedziałek,1
737,192,38,2,Wtorek,1
738,216,39,3,Środa,1
739,240,40,4,Czwartek,1
740,264,41,5,Piątek,1
741,288,42,6,Sobota,0
742,312,43,7,Niedziela,0
743,336,44,1,Poniedziałek,1
744,360,45,2,Wtorek,1
745,384,46,3,Środa,1
746,408,47,4,Czwartek,1
747,432,48,5,Piątek,1
748,456,49,6,Sobota,0
749,480,50,7,Niedziela,0
750,504,51,1,Poniedziałek,1
751,528,52,2,Wtorek,1
752,552,53,3,Środa,1
753,576,54,4,Czwartek,1
754,600,55,5,Piątek,1
755,624,56,6,Sobota,0
756,648,57,7,Niedziela,0
757,672,58,1,Poniedziałek,1
758,696,59,2,Wtorek,1
759,720,60,3,Środa,1
760,744,61,4,Czwartek,1
761,25,62,5,Piątek,1
762,25,63,6,Sobota,0
763,25,64,7,Niedziela,0
764,25,65,1,Poniedziałek,1
765,25,66,2,Wtorek,1
766,25,67,3,Środa,1
767,25,68,4,Czwartek,1
768,25,69,5,Piątek,1
769,25,70,6,Sobota,0
770,25,71,7,Niedziela,0
771,25,72,1,Poniedziałek,1
772,25,73,2,Wtorek,1
773,25,74,3,Środa,1
774,25,75,4,Czwartek,1
775,25,76,5,Piątek,1
776,25,77,6,Sobota,0
777,25,78,7,Niedziela,0
778,25,79,1,Poniedziałek,1
779,25,80,2,Wtorek,1
780,25,81,3,Środa,1
781,25,82,4,Czwartek,1
782,25,83,5,Piątek,1
783,25,84,6,Sobota,0
784,25,85,7,Niedziela,0
785,25,86,1,Poniedziałek,1
786,25,87,2,Wtorek,1
787,25,88,3,Środa,1
788,25,89,4,Czwartek,1
789,25,90,5,Piątek,1
790,25,91,6,Sobota,0
791,25,92,7,Niedziela,0
792,25,93,1,Poniedziałek,1
793,25,94,2,Wtorek,1
794,25,95,3,Środa,1
795,25,96,4,Czwartek,1
796,25,97,5,Piątek,1
797,25,98,6,Sobota,0
798,25,99,7,Niedziela,0
799,25,100,1,Poniedziałek,1
800,25,101,2,Wtorek,1
801,25,102,3,Środa,1
802,25,103,4,Czwartek,1
803,25,104,5,Piątek,1
804,25,105,6,Sobota,0
805,25,106,7,Niedziela,0
806,25,107,1,Poniedziałek,1
807,25,108,2,Wtorek,1
808,25,109,3,Środa,1
809,25,110,4,Czwartek,1
810,25,111,5,Piątek,1
811,25,112,6,Sobota,0
812,25,113,7,Niedziela,0
813,25,114,1,Poniedziałek,1
814,25,115,2,Wtorek,1
815,25,116,3,Środa,1
816,25,117,4,Czwartek,1
817,25,118,5,Piątek,1
818,25,119,6,Sobota,0
819,25,120,7,Niedziela,0
820,25,121,1,Poniedziałek,1
821,25,122,2,Wtorek,1
822,25,123,3,Środa,1
823,25,124,4,Czwartek,1
824,25,125,5,Piątek,1
825,25,126,6,Sobota,0
826,25,127,7,Niedziela,0
827,25,128,1,Poniedziałek,1
828,25,129,2,Wtorek,1
829,25,130,3,Środa,1
830,25,131,4,Czwartek,1
831,25,132,5,Piątek,1
832,25,133,6,Sobota,0
833,25,134,7,Niedziela,0
834,25,135,1,Poniedziałek,1
835,25,136,2,Wtorek,1
836,25,137,3,Środa,1
837,25,138,4,Czwartek,1
838,25,139,5,Piątek,1
839,25,140,6,Sobota,0
840,25,141,7,Niedziela,0
841,25,142,1,Poniedziałek,1
842,25,143,2,Wtorek,1
843,25,144,3,Środa,1
844,25,145,4,Czwartek,1
845,25,146,5,Piątek,1
846,25,147,6,Sobota,0
847,25,148,7,Niedziela,0
848,25,149,1,Poniedziałek,1
849,25,150,2,Wtorek,1
850,25,151,3,Środa,1
851,25,152,4,Czwartek,1
852,25,153,5,Piątek,1
853,25,154,6,Sobota,0
854,25,155,7,Niedziela,0
855,25,156,1,Poniedziałek,1
856,25,157,2,Wtorek,1
857,25,158,3,Środa,1
858,25,159,4,Czwartek,1
859,25,160,5,Piątek,1
860,25,161,6,Sobota,0
861,25,162,7,Niedziela,0
862,25,163,1,Poniedziałek,1
863,25,164,2,Wtorek,1
864,25,165,3,Środa,1
865,25,166,4,Czwartek,1
866,25,167,5,Piątek,1
867,25,168,6,Sobota,0
868,25,169,7,Niedziela,0
869,25,170,1,Poniedziałek,1
870,25,171,2,Wtorek,1
871,25,172,3,Środa,1
872,25,173,4,Czwartek,1
873,25,174,5,Piątek,1
874,25,175,6,Sobota,0
875,25,176,7,Niedziela,0
876,25,177,1,Poniedziałek,1
877,25,178,2,Wtorek,1
878,25,179,3,Środa,1
879,25,180,4,Czwartek,1
880,25,181,5,Piątek,1
881,25,182,6,Sobota,0
882,25,183,7,Niedziela,0
883,25,184,1,Poniedziałek,1
884,25,185,2,Wtorek,1
885,25,186,3,Środa,1
886,25,187,4,Czwartek,1
887,25,188,5,Piątek,1
888,25,189,6,Sobota,0
889,25,190,7,Niedziela,0
890,25,191,1,Poniedziałek,1
891,25,192,2,Wtorek,1
892,25,193,3,Środa,1
893,25,194,4,Czwartek,1
894,25,195,5,Piątek,1
895,25,196,6,Sobota,0
896,25,197,7,Niedziela,0
897,25,198,1,Poniedziałek,1
898,25,199,2,Wtorek,1
899,25,200,3,Środa,1
900,25,201,4,Czwartek,1
901,25,202,5,Piątek,1
902,25,203,6,Sobota,0
903,25,204,7,Niedziela,0
904,25,205,1,Poniedziałek,1
905,25,206,2,Wtorek,1
906,25,207,3,Środa,1
907,25,208,4,Czwartek,1
908,25,209,5,Piątek,1
909,25,210,6,Sobota,0
910,25,211,7,Niedziela,0
911,25,212,1,Poniedziałek,1
912,25,213,2,Wtorek,1
913,25,214,3,Środa,1
914,25,215,4,Czwartek,1
915,25,216,5,Piątek,1
916,25,217,6,Sobota,0
917,25,218,7,Niedziela,0
918,25,219,1,Poniedziałek,1
919,25,220,2,Wtorek,1
920,25,221,3,Środa,1
921,25,222,4,Czwartek,1
922,25,223,5,Piątek,1
923,25,224,6,Sobota,0
924,25,225,7,Niedziela,0
925,25,226,1,Poniedziałek,1
926,25,227,2,Wtorek,1
927,25,228,3,Środa,1
928,25,229,4,Czwartek,1
929,25,230,5,Piątek,1
930,25,231,6,Sobota,0
931,25,232,7,Niedziela,0
932,25,233,1,Poniedziałek,1
933,25,234,2,Wtorek,1
934,25,235,3,Środa,1
935,25,236,4,Czwartek,1
936,25,237,5,Piątek,1
937,25,238,6,Sobota,0
938,25,239,7,Niedziela,0
939,25,240,1,Poniedziałek,1
940,25,241,2,Wtorek,1
941,25,242,3,Środa,1
942,25,243,4,Czwartek,1
943,25,244,5,Piątek,1
944,25,245,6,Sobota,0
945,25,246,7,Niedziela,0
946,25,247,1,Poniedziałek,1
947,25,248,2,Wtorek,1
948,25,249,3,Środa,1
949,25,250,4,Czwartek,1
950,25,251,5,Piątek,1
951,25,252,6,Sobota,0
952,25,253,7,Niedziela,0
953,25,254,1,Poniedziałek,1
954,25,255,2,Wtorek,1
955,25,256,3,Środa,1
956,25,257,4,Czwartek,1
957,25,258,5,Piątek,1
958,25,259,6,Sobota,0
959,25,260,7,Niedziela,0
960,25,261,1,Poniedziałek,1
961,25,262,2,Wtorek,1
962,25,263,3,Środa,1
963,25,264,4,Czwartek,1
964,25,265,5,Piątek,1
965,25,266,6,Sobota,0
966,25,267,7,Niedziela,0
967,25,268,1,Poniedziałek,1
968,25,269,2,Wtorek,1
969,25,270,3,Środa,1
970,25,271,4,Czwartek,1
971,25,272,5,Piątek,1
972,25,273,6,Sobota,0
973,25,274,7,Niedziela,0
974,25,275,1,Poniedziałek,1
975,25,276,2,Wtorek,1
976,25,277,3,Środa,1
977,25,278,4,Czwartek,1
978,25,279,5,Piątek,1
979,25,280,6,Sobota,0
980,25,281,7,Niedziela,0
981,25,282,1,Poniedziałek,1
982,25,283,2,Wtorek,1
983,25,284,3,Środa,1
984,25,285,4,Czwartek,1
985,25,286,5,Piątek,1
986,25,287,6,Sobota,0
987,25,288,7,Niedziela,0
988,25,289,1,Poniedziałek,1
989,25,290,2,Wtorek,1
990,25,291,3,Środa,1
991,25,292,4,Czwartek,1
992,25,293,5,Piątek,1
993,25,294,6,Sobota,0
994,25,295,7,Niedziela,0
995,25,296,1,Poniedziałek,1
996,25,297,2,Wtorek,1
997,25,298,3,Środa,1
998,25,299,4,Czwartek,1
999,25,300,5,Piątek,1
1000,25,301,6,Sobota,0
1001,25,302,7,Niedziela,0
1002,25,303,1,Poniedziałek,1
1003,25,304,2,Wtorek,1
1004,25,305,3,Środa,1
1005,25,306,4,Czwartek,1
1006,25,307,5,Piątek,1
1007,25,308,6,Sobota,0
1008,25,309,7,Niedziela,0
1009,25,310,1,Poniedziałek,1
1010,25,311,2,Wtorek,1
1011,25,312,3,Środa,1
1012,25,313,4,Czwartek,1
1013,25,314,5,Piątek,1
1014,25,315,6,Sobota,0
1015,25,316,7,Niedziela,0
1016,25,317,1,Poniedziałek,1
1017,25,318,2,Wtorek,1
1018,25,319,3,Środa,1
1019,25,320,4,Czwartek,1
1020,25,321,5,Piątek,1
1021,25,322,6,Sobota,0
1022,25,323,7,Niedziela,0
1023,25,324,1,Poniedziałek,1
1024,25,325,2,Wtorek,1
1025,25,326,3,Środa,1
1026,25,327,4,Czwartek,1
1027,25,328,5,Piątek,1
1028,25,329,6,Sobota,0
1029,25,330,7,Niedziela,0
1030,25,331,1,Poniedziałek,1
1031,25,332,2,Wtorek,1
1032,25,333,3,Środa,1
1033,25,334,4,Czwartek,1
1034,25,335,5,Piątek,1
1035,25,336,6,Sobota,0
1036,25,337,7,Niedziela,0
1037,25,338,1,Poniedziałek,1
1038,25,339,2,Wtorek,1
1039,25,340,3,Środa,1
1040,25,341,4,Czwartek,1
1041,25,342,5,Piątek,1
1042,25,343,6,Sobota,0
1043,25,344,7,Niedziela,0
1044,25,345,1,Poniedziałek,1
1045,25,346,2,Wtorek,1
1046,25,347,3,Środa,1
1047,25,348,4,Czwartek,1
1048,25,349,5,Piątek,1
1049,25,350,6,Sobota,0
1050,25,351,7,Niedziela,0
1051,25,352,1,Poniedziałek,1
1052,25,353,2,Wtorek,1
1053,25,354,3,Środa,1
1054,25,355,4,Czwartek,1
1055,25,356,5,Piątek,1
1056,25,357,6,Sobota,0
1057,25,358,7,Niedziela,0
1058,25,359,1,Poniedziałek,1
1059,25,360,2,Wtorek,1
1060,25,361,3,Środa,1
1061,25,362,4,Czwartek,1
1062,25,363,5,Piątek,1
1063,25,364,6,Sobota,0
1064,25,365,7,Niedziela,0
1065,25,366,1,Poniedziałek,1
1066,25,367,2,Wtorek,1
1067,25,368,3,Środa,1
1068,25,369,4,Czwartek,1
1069,25,370,5,Piątek,1
1070,25,371,6,Sobota,0
1071,25,372,7,Niedziela,0
1072,25,373,1,Poniedziałek,1
1073,25,374,2,Wtorek,1
1074,25,375,3,Środa,1
1075,25,376,4,Czwartek,1
1076,25,377,5,Piątek,1
1077,25,378,6,Sobota,0
1078,25,379,7,Niedziela,0
1079,25,380,1,Poniedziałek,1
1080,25,381,2,Wtorek,1
1081,25,382,3,Środa,1
1082,25,383,4,Czwartek,1
1083,25,384,5,Piątek,1
1084,25,385,6,Sobota,0
1085,25,386,7,Niedziela,0
1086,25,387,1,Poniedziałek,1
1087,25,388,2,Wtorek,1
1088,25,389,3,Środa,1
1089,25,390,4,Czwartek,1
1090,25,391,5,Piątek,1
1091,25,392,6,Sobota,0
1092,25,393,7,Niedziela,0
1093,25,394,1,Poniedziałek,1
1094,25,395,2,Wtorek,1
1095,25,396,3,Środa,1
1096,25,397,4,Czwartek,1
1097,37,1,5,Piątek,0
1098,37,2,6,Sobota,0
1099,37,3,7,Niedziela,0
1100,37,4,1,Poniedziałek,1
1101,37,5,2,Wtorek,1
1102,37,6,3,Środa,1
1103,37,7,4,Czwartek,1
1104,37,8,5,Piątek,1
1105,37,9,6,Sobota,0
1106,37,10,7,Niedziela,0
1107,37,11,1,Poniedziałek,1
1108,37,12,2,Wtorek,1
1109,37,13,3,Środa,1
1110,37,14,4,Czwartek,1
1111,37,15,5,Piątek,1
1112,37,16,6,Sobota,0
1113,37,17,7,Niedziela,0
1114,37,18,1,Poniedziałek,1
1115,37,19,2,Wtorek,1
1116,37,20,3,Środa,1
1117,37,21,4,Czwartek,1
1118,37,22,5,Piątek,1
1119,37,23,6,Sobota,0
1120,37,24,7,Niedziela,0
1121,37,25,1,Poniedziałek,1
1122,37,26,2,Wtorek,1
1123,37,27,3,Środa,1
1124,37,28,4,Czwartek,1
1125,37,29,5,Piątek,1
1126,37,30,6,Sobota,0
1127,37,31,7,Niedziela,0
1128,38,1,1,Poniedziałek,1
1129,38,2,2,Wtorek,1
1130,38,3,3,Środa,1
1131,38,4,4,Czwartek,1
1132,38,5,5,Piątek,1
1133,38,6,6,Sobota,0
1134,38,7,7,Niedziela,0
1135,38,8,1,Poniedziałek,1
1136,38,9,2,Wtorek,1
1137,38,10,3,Środa,1
1138,38,11,4,Czwartek,1
1139,38,12,5,Piątek,1
1140,38,13,6,Sobota,0
1141,38,14,7,Niedziela,0
1142,38,15,1,Poniedziałek,1
1143,38,16,2,Wtorek,1
1144,38,17,3,Środa,1
1145,38,18,4,Czwartek,1
1146,38,19,5,Piątek,1
1147,38,20,6,Sobota,0
1148,38,21,7,Niedziela,0
1149,38,22,1,Poniedziałek,1
1150,38,23,2,Wtorek,1
1151,38,24,3,Środa,1
1152,38,25,4,Czwartek,1
1153,38,26,5,Piątek,1
1154,38,27,6,Sobota,0
1155,38,28,7,Niedziela,0
1156,39,1,1,Poniedziałek,1
1157,39,2,2,Wtorek,1
1158,39,3,3,Środa,1
1159,39,4,4,Czwartek,1
1160,39,5,5,Piątek,1
1161,39,6,6,Sobota,0
1162,39,7,7,Niedziela,0
1163,39,8,1,Poniedziałek,1
1164,39,9,2,Wtorek,1
1165,39,10,3,Środa,1
1166,39,11,4,Czwartek,1
1167,39,12,5,Piątek,1
1168,39,13,6,Sobota,0
1169,39,14,7,Niedziela,0
1170,39,15,1,Poniedziałek,1
1171,39,16,2,Wtorek,1
1172,39,17,3,Środa,1
1173,39,18,4,Czwartek,1
1174,39,19,5,Piątek,1
1175,39,20,6,Sobota,0
1176,39,21,7,Niedziela,0
1177,39,22,1,Poniedziałek,1
1178,39,23,2,Wtorek,1
1179,39,24,3,Środa,1
1180,39,25,4,Czwartek,1
1181,39,26,5,Piątek,1
1182,39,27,6,Sobota,0
1183,39,28,7,Niedziela,0
1184,39,29,1,Poniedziałek,1
1185,39,30,2,Wtorek,1
1186,39,31,3,Środa,1
1187,40,1,4,Czwartek,0
1188,40,2,5,Piątek,1
1189,40,3,6,Sobota,0
1190,40,4,7,Niedziela,0
1191,40,5,1,Poniedziałek,1
1192,40,6,2,Wtorek,1
1193,40,7,3,Środa,1
1194,40,8,4,Czwartek,1
1195,40,9,5,Piątek,1
1196,40,10,6,Sobota,0
1197,40,11,7,Niedziela,0
1198,40,12,1,Poniedziałek,1
1199,40,13,2,Wtorek,1
1200,40,14,3,Środa,1
1201,40,15,4,Czwartek,1
1202,40,16,5,Piątek,1
1203,40,17,6,Sobota,0
1204,40,18,7,Niedziela,0
1205,40,19,1,Poniedziałek,1
1206,40,20,2,Wtorek,1
1207,40,21,3,Środa,1
1208,40,22,4,Czwartek,1
1209,40,23,5,Piątek,1
1210,40,24,6,Sobota,0
1211,40,25,7,Niedziela,0
1212,40,26,1,Poniedziałek,1
1213,40,27,2,Wtorek,1
1214,40,28,3,Środa,1
1215,40,29,4,Czwartek,1
1216,40,30,5,Piątek,1
1217,41,1,6,Sobota,0
1218,41,2,7,Niedziela,0
1219,41,3,1,Poniedziałek,0
1220,41,4,2,Wtorek,1
1221,41,5,3,Środa,1
1222,41,6,4,Czwartek,1
1223,41,7,5,Piątek,1
1224,41,8,6,Sobota,0
1225,41,9,7,Niedziela,0
1226,41,10,1,Poniedziałek,1
1227,41,11,2,Wtorek,1
1228,41,12,3,Środa,1
1229,41,13,4,Czwartek,1
1230,41,14,5,Piątek,1
1231,41,15,6,Sobota,0
1232,41,16,7,Niedziela,0
1233,41,17,1,Poniedziałek,1
1234,41,18,2,Wtorek,1
1235,41,19,3,Środa,1
1236,41,20,4,Czwartek,1
1237,41,21,5,Piątek,1
1238,41,22,6,Sobota,0
1239,41,23,7,Niedziela,0
1240,41,24,1,Poniedziałek,1
1241,41,25,2,Wtorek,1
1242,41,26,3,Środa,1
1243,41,27,4,Czwartek,1
1244,41,28,5,Piątek,1
1245,41,29,6,Sobota,0
1246,41,30,7,Niedziela,0
1247,41,31,1,Poniedziałek,1
1248,42,1,2,Wtorek,1
1249,42,2,3,Środa,1
1250,42,3,4,Czwartek,1
1251,42,4,5,Piątek,1
1252,42,5,6,Sobota,0
1253,42,6,7,Niedziela,0
1254,42,7,1,Poniedziałek,1
1255,42,8,2,Wtorek,1
1256,42,9,3,Środa,1
1257,42,10,4,Czwartek,1
1258,42,11,5,Piątek,1
1259,42,12,6,Sobota,0
1260,42,13,7,Niedziela,0
1261,42,14,1,Poniedziałek,1
1262,42,15,2,Wtorek,1
1263,42,16,3,Środa,1
1264,42,17,4,Czwartek,1
1265,42,18,5,Piątek,1
1266,42,19,6,Sobota,0
1267,42,20,7,Niedziela,0
1268,42,21,1,Poniedziałek,1
1269,42,22,2,Wtorek,1
1270,42,23,3,Środa,1
1271,42,24,4,Czwartek,1
1272,42,25,5,Piątek,1
1273,42,26,6,Sobota,0
1274,42,27,7,Niedziela,0
1275,42,28,1,Poniedziałek,1
1276,42,29,2,Wtorek,1
1277,42,30,3,Środa,1
1278,43,1,4,Czwartek,1
1279,43,2,5,Piątek,1
1280,43,3,6,Sobota,0
1281,43,4,7,Niedziela,0
1282,43,5,1,Poniedziałek,1
1283,43,6,2,Wtorek,1
1284,43,7,3,Środa,1
1285,43,8,4,Czwartek,1
1286,43,9,5,Piątek,1
1287,43,10,6,Sobota,0
1288,43,11,7,Niedziela,0
1289,43,12,1,Poniedziałek,1
1290,43,13,2,Wtorek,1
1291,43,14,3,Środa,1
1292,43,15,4,Czwartek,1
1293,43,16,5,Piątek,1
1294,43,17,6,Sobota,0
1295,43,18,7,Niedziela,0
1296,43,19,1,Poniedziałek,1
1297,43,20,2,Wtorek,1
1298,43,21,3,Środa,1
1299,43,22,4,Czwartek,1
1300,43,23,5,Piątek,1
1301,43,24,6,Sobota,0
1302,43,25,7,Niedziela,0
1303,43,26,1,Poniedziałek,1
1304,43,27,2,Wtorek,1
1305,43,28,3,Środa,1
1306,43,29,4,Czwartek,1
1307,43,30,5,Piątek,1
1308,43,31,6,Sobota,0
1309,44,1,7,Niedziela,0
1310,44,2,1,Poniedziałek,1
1311,44,3,2,Wtorek,1
1312,44,4,3,Środa,1
1313,44,5,4,Czwartek,1
1314,44,6,5,Piątek,1
1315,44,7,6,Sobota,0
1316,44,8,7,Niedziela,0
1317,44,9,1,Poniedziałek,1
1318,44,10,2,Wtorek,1
1319,44,11,3,Środa,1
1320,44,12,4,Czwartek,1
1321,44,13,5,Piątek,1
1322,44,14,6,Sobota,0
1323,44,15,7,Niedziela,0
1324,44,16,1,Poniedziałek,1
1325,44,17,2,Wtorek,1
1326,44,18,3,Środa,1
1327,44,19,4,Czwartek,1
1328,44,20,5,Piątek,1
1329,44,21,6,Sobota,0
1330,44,22,7,Niedziela,0
1331,44,23,1,Poniedziałek,1
1332,44,24,2,Wtorek,1
1333,44,25,3,Środa,1
1334,44,26,4,Czwartek,1
1335,44,27,5,Piątek,1
1336,44,28,6,Sobota,0
1337,44,29,7,Niedziela,0
1338,44,30,1,Poniedziałek,1
1339,44,31,2,Wtorek,1
1340,45,1,3,Środa,1
1341,45,2,4,Czwartek,1
1342,45,3,5,Piątek,1
1343,45,4,6,Sobota,0
1344,45,5,7,Niedziela,0
1345,45,6,1,Poniedziałek,1
1346,45,7,2,Wtorek,1
1347,45,8,3,Środa,1
1348,45,9,4,Czwartek,1
1349,45,10,5,Piątek,1
1350,45,11,6,Sobota,0
1351,45,12,7,Niedziela,0
1352,45,13,1,Poniedziałek,1
1353,45,14,2,Wtorek,1
1354,45,15,3,Środa,1
1355,45,16,4,Czwartek,1
1356,45,17,5,Piątek,1
1357,45,18,6,Sobota,0
1358,45,19,7,Niedziela,0
1359,45,20,1,Poniedziałek,1
1360,45,21,2,Wtorek,1
1361,45,22,3,Środa,1
1362,45,23,4,Czwartek,1
1363,45,24,5,Piątek,1
1364,45,25,6,Sobota,0
1365,45,26,7,Niedziela,0
1366,45,27,1,Poniedziałek,1
1367,45,28,2,Wtorek,1
1368,45,29,3,Środa,1
1369,45,30,4,Czwartek,1
1370,46,1,5,Piątek,1
1371,46,2,6,Sobota,0
1372,46,3,7,Niedziela,0
1373,46,4,1,Poniedziałek,1
1374,46,5,2,Wtorek,1
1375,46,6,3,Środa,1
1376,46,7,4,Czwartek,1
1377,46,8,5,Piątek,1
1378,46,9,6,Sobota,0
1379,46,10,7,Niedziela,0
1380,46,11,1,Poniedziałek,1
1381,46,12,2,Wtorek,1
1382,46,13,3,Środa,1
1383,46,14,4,Czwartek,1
1384,46,15,5,Piątek,1
1385,46,16,6,Sobota,0
1386,46,17,7,Niedziela,0
1387,46,18,1,Poniedziałek,1
1388,46,19,2,Wtorek,1
1389,46,20,3,Środa,1
1390,46,21,4,Czwartek,1
1391,46,22,5,Piątek,1
1392,46,23,6,Sobota,0
1393,46,24,7,Niedziela,0
1394,46,25,1,Poniedziałek,1
1395,46,26,2,Wtorek,1
1396,46,27,3,Środa,1
1397,46,28,4,Czwartek,1
1398,46,29,5,Piątek,1
1399,46,30,6,Sobota,0
1400,46,31,7,Niedziela,0
1401,47,1,1,Poniedziałek,0
1402,47,2,2,Wtorek,1
1403,47,3,3,Środa,1
1404,47,4,4,Czwartek,1
1405,47,5,5,Piątek,1
1406,47,6,6,Sobota,0
1407,47,7,7,Niedziela,0
1408,47,8,1,Poniedziałek,1
1409,47,9,2,Wtorek,1
1410,47,10,3,Środa,1
1411,47,11,4,Czwartek,0
1412,47,12,5,Piątek,1
1413,47,13,6,Sobota,0
1414,47,14,7,Niedziela,0
1415,47,15,1,Poniedziałek,1
1416,47,16,2,Wtorek,1
1417,47,17,3,Środa,1
1418,47,18,4,Czwartek,1
1419,47,19,5,Piątek,1
1420,47,20,6,Sobota,0
1421,47,21,7,Niedziela,0
1422,47,22,1,Poniedziałek,1
1423,47,23,2,Wtorek,1
1424,47,24,3,Środa,1
1425,47,25,4,Czwartek,1
1426,47,26,5,Piątek,1
1427,47,27,6,Sobota,0
1428,47,28,7,Niedziela,0
1429,47,29,1,Poniedziałek,1
1430,47,30,2,Wtorek,1
1431,48,1,3,Środa,1
1432,48,2,4,Czwartek,1
1433,48,3,5,Piątek,1
1434,48,4,6,Sobota,0
1435,48,5,7,Niedziela,0
1436,48,6,1,Poniedziałek,1
1437,48,7,2,Wtorek,1
1438,48,8,3,Środa,1
1439,48,9,4,Czwartek,1
1440,48,10,5,Piątek,1
1441,48,11,6,Sobota,0
1442,48,12,7,Niedziela,0
1443,48,13,1,Poniedziałek,1
1444,48,14,2,Wtorek,1
1445,48,15,3,Środa,1
1446,48,16,4,Czwartek,1
1447,48,17,5,Piątek,1
1448,48,18,6,Sobota,0
1449,48,19,7,Niedziela,0
1450,48,20,1,Poniedziałek,1
1451,48,21,2,Wtorek,1
1452,48,22,3,Środa,1
1453,48,23,4,Czwartek,1
1454,48,24,5,Piątek,1
1455,48,25,6,Sobota,0
1456,48,26,7,Niedziela,0
1457,48,27,1,Poniedziałek,1
1458,48,28,2,Wtorek,1
1459,48,29,3,Środa,1
1460,48,30,4,Czwartek,1
1461,48,31,5,Piątek,1
1462,49,1,6,Sobota,0
1463,49,2,7,Niedziela,0
1464,49,3,1,Poniedziałek,1
1465,49,4,2,Wtorek,1
1466,49,5,3,Środa,1
1467,49,6,4,Czwartek,0
1468,49,7,5,Piątek,1
1469,49,8,6,Sobota,0
1470,49,9,7,Niedziela,0
1471,49,10,1,Poniedziałek,1
1472,49,11,2,Wtorek,1
1473,49,12,3,Środa,1
1474,49,13,4,Czwartek,1
1475,49,14,5,Piątek,1
1476,49,15,6,Sobota,0
1477,49,16,7,Niedziela,0
1478,49,17,1,Poniedziałek,1
1479,49,18,2,Wtorek,1
1480,49,19,3,Środa,1
1481,49,20,4,Czwartek,1
1482,49,21,5,Piątek,1
1483,49,22,6,Sobota,0
1484,49,23,7,Niedziela,0
1485,49,24,1,Poniedziałek,1
1486,49,25,2,Wtorek,1
1487,49,26,3,Środa,1
1488,49,27,4,Czwartek,1
1489,49,28,5,Piątek,1
1490,49,29,6,Sobota,0
1491,49,30,7,Niedziela,0
1492,49,31,1,Poniedziałek,1
1493,50,1,2,Wtorek,1
1494,50,2,3,Środa,1
1495,50,3,4,Czwartek,1
1496,50,4,5,Piątek,1
1497,50,5,6,Sobota,0
1498,50,6,7,Niedziela,0
1499,50,7,1,Poniedziałek,1
1500,50,8,2,Wtorek,1
1501,50,9,3,Środa,1
1502,50,10,4,Czwartek,1
1503,50,11,5,Piątek,1
1504,50,12,6,Sobota,0
1505,50,13,7,Niedziela,0
1506,50,14,1,Poniedziałek,1
1507,50,15,2,Wtorek,1
1508,50,16,3,Środa,1
1509,50,17,4,Czwartek,1
1510,50,18,5,Piątek,1
1511,50,19,6,Sobota,0
1512,50,20,7,Niedziela,0
1513,50,21,1,Poniedziałek,1
1514,50,22,2,Wtorek,1
1515,50,23,3,Środa,1
1516,50,24,4,Czwartek,1
1517,50,25,5,Piątek,1
1518,50,26,6,Sobota,0
1519,50,27,7,Niedziela,0
1520,50,28,1,Poniedziałek,1
1521,51,1,2,Wtorek,1
1522,51,2,3,Środa,1
1523,51,3,4,Czwartek,1
1524,51,4,5,Piątek,1
1525,51,5,6,Sobota,0
1526,51,6,7,Niedziela,0
1527,51,7,1,Poniedziałek,1
1528,51,8,2,Wtorek,1
1529,51,9,3,Środa,1
1530,51,10,4,Czwartek,1
1531,51,11,5,Piątek,1
1532,51,12,6,Sobota,0
1533,51,13,7,Niedziela,0
1534,51,14,1,Poniedziałek,1
1535,51,15,2,Wtorek,1
1536,51,16,3,Środa,1
1537,51,17,4,Czwartek,1
1538,51,18,5,Piątek,1
1539,51,19,6,Sobota,0
1540,51,20,7,Niedziela,0
1541,51,21,1,Poniedziałek,1
1542,51,22,2,Wtorek,1
1543,51,23,3,Środa,1
1544,51,24,4,Czwartek,1
1545,51,25,5,Piątek,1
1546,51,26,6,Sobota,0
1547,51,27,7,Niedziela,0
1548,51,28,1,Poniedziałek,1
1549,51,29,2,Wtorek,1
1550,51,30,3,Środa,1
1551,51,31,4,Czwartek,1
1552,52,1,5,Piątek,1
1553,52,2,6,Sobota,0
1554,52,3,7,Niedziela,0
1555,52,4,1,Poniedziałek,1
1556,52,5,2,Wtorek,1
1557,52,6,3,Środa,1
1558,52,7,4,Czwartek,1
1559,52,8,5,Piątek,1
1560,52,9,6,Sobota,0
1561,52,10,7,Niedziela,0
1562,52,11,1,Poniedziałek,1
1563,52,12,2,Wtorek,1
1564,52,13,3,Środa,1
1565,52,14,4,Czwartek,1
1566,52,15,5,Piątek,1
1567,52,16,6,Sobota,0
1568,52,17,7,Niedziela,0
1569,52,18,1,Poniedziałek,1
1570,52,19,2,Wtorek,1
1571,52,20,3,Środa,1
1572,52,21,4,Czwartek,0
1573,52,22,5,Piątek,1
1574,52,23,6,Sobota,0
1575,52,24,7,Niedziela,0
1576,52,25,1,Poniedziałek,1
1577,52,26,2,Wtorek,1
1578,52,27,3,Środa,1
1579,52,28,4,Czwartek,1
1580,52,29,5,Piątek,1
1581,52,30,6,Sobota,0
1582,53,1,7,Niedziela,0
1583,53,2,1,Poniedziałek,1
1584,53,3,2,Wtorek,1
1585,53,4,3,Środa,1
1586,53,5,4,Czwartek,1
1587,53,6,5,Piątek,1
1588,53,7,6,Sobota,0
1589,53,8,7,Niedziela,0
1590,53,9,1,Poniedziałek,1
1591,53,10,2,Wtorek,1
1592,53,11,3,Środa,1
1593,53,12,4,Czwartek,1
1594,53,13,5,Piątek,1
1595,53,14,6,Sobota,0
1596,53,15,7,Niedziela,0
1597,53,16,1,Poniedziałek,1
1598,53,17,2,Wtorek,1
1599,53,18,3,Środa,1
1600,53,19,4,Czwartek,1
1601,53,20,5,Piątek,1
1602,53,21,6,Sobota,0
1603,53,22,7,Niedziela,0
1604,53,23,1,Poniedziałek,1
1605,53,24,2,Wtorek,1
1606,53,25,3,Środa,1
1607,53,26,4,Czwartek,1
1608,53,27,5,Piątek,1
1609,53,28,6,Sobota,0
1610,53,29,7,Niedziela,0
1611,53,30,1,Poniedziałek,1
1612,53,31,2,Wtorek,1
1613,54,1,3,Środa,1
1614,54,2,4,Czwartek,1
1615,54,3,5,Piątek,1
1616,54,4,6,Sobota,0
1617,54,5,7,Niedziela,0
1618,54,6,1,Poniedziałek,1
1619,54,7,2,Wtorek,1
1620,54,8,3,Środa,1
1621,54,9,4,Czwartek,1
1622,54,10,5,Piątek,1
1623,54,11,6,Sobota,0
1624,54,12,7,Niedziela,0
1625,54,13,1,Poniedziałek,1
1626,54,14,2,Wtorek,1
1627,54,15,3,Środa,1
1628,54,16,4,Czwartek,1
1629,54,17,5,Piątek,1
1630,54,18,6,Sobota,0
1631,54,19,7,Niedziela,0
1632,54,20,1,Poniedziałek,1
1633,54,21,2,Wtorek,1
1634,54,22,3,Środa,1
1635,54,23,4,Czwartek,1
1636,54,24,5,Piątek,1
1637,54,25,6,Sobota,0
1638,54,26,7,Niedziela,0
1639,54,27,1,Poniedziałek,1
1640,54,28,2,Wtorek,1
1641,54,29,3,Środa,1
1642,54,30,4,Czwartek,1
1643,55,1,5,Piątek,1
1644,55,2,6,Sobota,0
1645,55,3,7,Niedziela,0
1646,55,4,1,Poniedziałek,1
1647,55,5,2,Wtorek,1
1648,55,6,3,Środa,1
1649,55,7,4,Czwartek,1
1650,55,8,5,Piątek,1
1651,55,9,6,Sobota,0
1652,55,10,7,Niedziela,0
1653,55,11,1,Poniedziałek,1
1654,55,12,2,Wtorek,1
1655,55,13,3,Środa,1
1656,55,14,4,Czwartek,1
1657,55,15,5,Piątek,1
1658,55,16,6,Sobota,0
1659,55,17,7,Niedziela,0
1660,55,18,1,Poniedziałek,1
1661,55,19,2,Wtorek,1
1662,55,20,3,Środa,1
1663,55,21,4,Czwartek,1
1664,55,22,5,Piątek,1
1665,55,23,6,Sobota,0
1666,55,24,7,Niedziela,0
1667,55,25,1,Poniedziałek,1
1668,55,26,2,Wtorek,1
1669,55,27,3,Środa,1
1670,55,28,4,Czwartek,1
1671,55,29,5,Piątek,1
1672,55,30,6,Sobota,0
1673,55,31,7,Niedziela,0
1674,56,1,1,Poniedziałek,1
1675,56,2,2,Wtorek,1
1676,56,3,3,Środa,1
1677,56,4,4,Czwartek,1
1678,56,5,5,Piątek,1
1679,56,6,6,Sobota,0
1680,56,7,7,Niedziela,0
1681,56,8,1,Poniedziałek,1
1682,56,9,2,Wtorek,1
1683,56,10,3,Środa,1
1684,56,11,4,Czwartek,1
1685,56,12,5,Piątek,1
1686,56,13,6,Sobota,0
1687,56,14,7,Niedziela,0
1688,56,15,1,Poniedziałek,0
1689,56,16,2,Wtorek,1
1690,56,17,3,Środa,1
1691,56,18,4,Czwartek,1
1692,56,19,5,Piątek,1
1693,56,20,6,Sobota,0
1694,56,21,7,Niedziela,0
1695,56,22,1,Poniedziałek,1
1696,56,23,2,Wtorek,1
1697,56,24,3,Środa,1
1698,56,25,4,Czwartek,1
1699,56,26,5,Piątek,1
1700,56,27,6,Sobota,0
1701,56,28,7,Niedziela,0
1702,56,29,1,Poniedziałek,1
1703,56,30,2,Wtorek,1
1704,56,31,3,Środa,1
1705,57,1,4,Czwartek,1
1706,57,2,5,Piątek,1
1707,57,3,6,Sobota,0
1708,57,4,7,Niedziela,0
1709,57,5,1,Poniedziałek,1
1710,57,6,2,Wtorek,1
1711,57,7,3,Środa,1
1712,57,8,4,Czwartek,1
1713,57,9,5,Piątek,1
1714,57,10,6,Sobota,0
1715,57,11,7,Niedziela,0
1716,57,12,1,Poniedziałek,1
1717,57,13,2,Wtorek,1
1718,57,14,3,Środa,1
1719,57,15,4,Czwartek,1
1720,57,16,5,Piątek,1
1721,57,17,6,Sobota,0
1722,57,18,7,Niedziela,0
1723,57,19,1,Poniedziałek,1
1724,57,20,2,Wtorek,1
1725,57,21,3,Środa,1
1726,57,22,4,Czwartek,1
1727,57,23,5,Piątek,1
1728,57,24,6,Sobota,0
1729,57,25,7,Niedziela,0
1730,57,26,1,Poniedziałek,1
1731,57,27,2,Wtorek,1
1732,57,28,3,Środa,1
1733,57,29,4,Czwartek,1
1734,57,30,5,Piątek,1
1735,58,1,6,Sobota,0
1736,58,2,7,Niedziela,0
1737,58,3,1,Poniedziałek,1
1738,58,4,2,Wtorek,1
1739,58,5,3,Środa,1
1740,58,6,4,Czwartek,1
1741,58,7,5,Piątek,1
1742,58,8,6,Sobota,0
1743,58,9,7,Niedziela,0
1744,58,10,1,Poniedziałek,1
1745,58,11,2,Wtorek,1
1746,58,12,3,Środa,1
1747,58,13,4,Czwartek,1
1748,58,14,5,Piątek,1
1749,58,15,6,Sobota,0
1750,58,16,7,Niedziela,0
1751,58,17,1,Poniedziałek,1
1752,58,18,2,Wtorek,1
1753,58,19,3,Środa,1
1754,58,20,4,Czwartek,1
1755,58,21,5,Piątek,1
1756,58,22,6,Sobota,0
1757,58,23,7,Niedziela,0
1758,58,24,1,Poniedziałek,1
1759,58,25,2,Wtorek,1
1760,58,26,3,Środa,1
1761,58,27,4,Czwartek,1
1762,58,28,5,Piątek,1
1763,58,29,6,Sobota,0
1764,58,30,7,Niedziela,0
1765,58,31,1,Poniedziałek,1
1766,59,1,2,Wtorek,1
1767,59,2,3,Środa,1
1768,59,3,4,Czwartek,1
1769,59,4,5,Piątek,1
1770,59,5,6,Sobota,0
1771,59,6,7,Niedziela,0
1772,59,7,1,Poniedziałek,1
1773,59,8,2,Wtorek,1
1774,59,9,3,Środa,1
1775,59,10,4,Czwartek,1
1776,59,11,5,Piątek,0
1777,59,12,6,Sobota,0
1778,59,13,7,Niedziela,0
1779,59,14,1,Poniedziałek,1
1780,59,15,2,Wtorek,1
1781,59,16,3,Środa,1
1782,59,17,4,Czwartek,1
1783,59,18,5,Piątek,1
1784,59,19,6,Sobota,0
1785,59,20,7,Niedziela,0
1786,59,21,1,Poniedziałek,1
1787,59,22,2,Wtorek,1
1788,59,23,3,Środa,1
1789,59,24,4,Czwartek,1
1790,59,25,5,Piątek,1
1791,59,26,6,Sobota,0
1792,59,27,7,Niedziela,0
1793,59,28,1,Poniedziałek,1
1794,59,29,2,Wtorek,1
1795,59,30,3,Środa,1
1796,60,1,4,Czwartek,1
1797,60,2,5,Piątek,1
1798,60,3,6,Sobota,0
1799,60,4,7,Niedziela,0
1800,60,5,1,Poniedziałek,1
1801,60,6,2,Wtorek,1
1802,60,7,3,Środa,1
1803,60,8,4,Czwartek,1
1804,60,9,5,Piątek,1
1805,60,10,6,Sobota,0
1806,60,11,7,Niedziela,0
1807,60,12,1,Poniedziałek,1
1808,60,13,2,Wtorek,1
1809,60,14,3,Środa,1
1810,60,15,4,Czwartek,1
1811,60,16,5,Piątek,1
1812,60,17,6,Sobota,0
1813,60,18,7,Niedziela,0
1814,60,19,1,Poniedziałek,1
1815,60,20,2,Wtorek,1
1816,60,21,3,Środa,1
1817,60,22,4,Czwartek,1
1818,60,23,5,Piątek,1
1819,60,24,6,Sobota,0
1820,60,25,7,Niedziela,0
1821,60,26,1,Poniedziałek,0
1822,60,27,2,Wtorek,1
1823,60,28,3,Środa,1
1824,60,29,4,Czwartek,1
1825,60,30,5,Piątek,1
1826,60,31,6,Sobota,0