1,1,1,Styczeń
2,2,1,Styczeń
3,3,1,Styczeń
4,4,1,Styczeń
5,5,1,Styczeń
6,6,1,Styczeń
7,7,1,Styczeń
8,8,1,Styczeń
9,9,1,Styczeń
10,10,1,Styczeń
11,11,1,Styczeń
12,12,1,Styczeń
13,13,1,Styczeń
14,14,1,Styczeń
15,15,1,Styczeń
16,16,1,Styczeń
17,17,1,Styczeń
18,18,1,Styczeń
19,19,1,Styczeń
20,20,1,Styczeń
21,21,1,Styczeń
22,22,1,Styczeń
23,23,1,Styczeń
24,24,1,Styczeń
25,25,1,Styczeń
26,26,1,Styczeń
27,27,1,Styczeń
28,28,1,Styczeń
29,29,1,Styczeń
30,30,1,Styczeń
31,31,1,Styczeń
32,1,2,Luty
33,2,2,Luty
34,3,2,Luty
35,4,2,Luty
36,5,2,Luty
37,6,2,Luty
38,7,2,Luty
39,8,2,Luty
40,9,2,Luty
41,10,2,Luty
42,11,2,Luty
43,12,2,Luty
44,13,2,Luty
45,14,2,Luty
46,15,2,Luty
47,16,2,Luty
48,17,2,Luty
49,18,2,Luty
50,19,2,Luty
51,20,2,Luty
52,21,2,Luty
53,22,2,Luty
54,23,2,Luty
55,24,2,Luty
56,25,2,Luty
57,26,2,Luty
58,27,2,Luty
59,28,2,Luty
60,1,3,Marzec
61,2,3,Marzec
62,3,3,Marzec
63,4,3,Marzec
64,5,3,Marzec
65,6,3,Marzec
66,7,3,Marzec
67,8,3,Marzec
68,9,3,Marzec
69,10,3,Marzec
70,11,3,Marzec
71,12,3,Marzec
72,13,3,Marzec
73,14,3,Marzec
74,15,3,Marzec
75,16,3,Marzec
76,17,3,Marzec
77,18,3,Marzec
78,19,3,Marzec
79,20,3,Marzec
80,21,3,Marzec
81,22,3,Marzec
82,23,3,Marzec
83,24,3,Marzec
84,25,3,Marzec
85,26,3,Marzec
86,27,3,Marzec
87,28,3,Marzec
88,29,3,Marzec
89,30,3,Marzec
90,31,3,Marzec
91,1,4,Kwiecień
92,2,4,Kwiecień
93,3,4,Kwiecień
94,4,4,Kwiecień
95,5,4,Kwiecień
96,6,4,Kwiecień
97,7,4,Kwiecień
98,8,4,Kwiecień
99,9,4,Kwiecień
100,10,4,Kwiecień
101,11,4,Kwiecień
102,12,4,Kwiecień
103,13,4,Kwiecień
104,14,4,Kwiecień
105,15,4,Kwiecień
106,16,4,Kwiecień
107,17,4,Kwiecień
108,18,4,Kwiecień
109,19,4,Kwiecień
110,20,4,Kwiecień
111,21,4,Kwiecień
112,22,4,Kwiecień
113,23,4,Kwiecień
114,24,4,Kwiecień
115,25,4,Kwiecień
116,26,4,Kwiecień
117,27,4,Kwiecień
118,28,4,Kwiecień
119,29,4,Kwiecień
120,30,4,Kwiecień
121,1,5,Maj
122,2,5,Maj
123,3,5,Maj
124,4,5,Maj
125,5,5,Maj
126,6,5,Maj
127,7,5,Maj
128,8,5,Maj
129,9,5,Maj
130,10,5,Maj
131,11,5,Maj
132,12,5,Maj
133,13,5,Maj
134,14,5,Maj
135,15,5,Maj
136,16,5,Maj
137,17,5,Maj
138,18,5,Maj
139,19,5,Maj
140,20,5,Maj
141,21,5,Maj
142,22,5,Maj
143,23,5,Maj
144,24,5,Maj
145,25,5,Maj
146,26,5,Maj
147,27,5,Maj
148,28,5,Maj
149,29,5,Maj
150,30,5,Maj
151,31,5,Maj
152,1,6,Czerwiec
153,2,6,Czerwiec
154,3,6,Czerwiec
155,4,6,Czerwiec
156,5,6,Czerwiec
157,6,6,Czerwiec
158,7,6,Czerwiec
159,8,6,Czerwiec
160,9,6,Czerwiec
161,10,6,Czerwiec
162,11,6,Czerwiec
163,12,6,Czerwiec
164,13,6,Czerwiec
165,14,6,Czerwiec
166,15,6,Czerwiec
167,16,6,Czerwiec
168,17,6,Czerwiec
169,18,6,Czerwiec
170,19,6,Czerwiec
171,20,6,Czerwiec
172,21,6,Czerwiec
173,22,6,Czerwiec
174,23,6,Czerwiec
175,24,6,Czerwiec
176,25,6,Czerwiec
177,26,6,Czerwiec
178,27,6,Czerwiec
179,28,6,Czerwiec
180,29,6,Czerwiec
181,30,6,Czerwiec
182,1,7,Lipiec
183,2,7,Lipiec
184,3,7,Lipiec
185,4,7,Lipiec
186,5,7,Lipiec
187,6,7,Lipiec
188,7,7,Lipiec
189,8,7,Lipiec
190,9,7,Lipiec
191,10,7,Lipiec
192,11,7,Lipiec
193,12,7,Lipiec
194,13,7,Lipiec
195,14,7,Lipiec
196,15,7,Lipiec
197,16,7,Lipiec
198,17,7,Lipiec
199,18,7,Lipiec
200,19,7,Lipiec
201,20,7,Lipiec
202,21,7,Lipiec
203,22,7,Lipiec
204,23,7,Lipiec
205,24,7,Lipiec
206,25,7,Lipiec
207,26,7,Lipiec
208,27,7,Lipiec
209,28,7,Lipiec
210,29,7,Lipiec
211,30,7,Lipiec
212,31,7,Lipiec
213,1,8,Sierpień
214,2,8,Sierpień
215,3,8,Sierpień
216,4,8,Sierpień
217,5,8,Sierpień
218,6,8,Sierpień
219,7,8,Sierpień
220,8,8,Sierpień
221,9,8,Sierpień
222,10,8,Sierpień
223,11,8,Sierpień
224,12,8,Sierpień
225,13,8,Sierpień
226,14,8,Sierpień
227,15,8,Sierpień
228,16,8,Sierpień
229,17,8,Sierpień
230,18,8,Sierpień
231,19,8,Sierpień
232,20,8,Sierpień
233,21,8,Sierpień
234,22,8,Sierpień
235,23,8,Sierpień
236,24,8,Sierpień
237,25,8,Sierpień
238,26,8,Sierpień
239,27,8,Sierpień
240,28,8,Sierpień
241,29,8,Sierpień
242,30,8,Sierpień
243,31,8,Sierpień
244,1,9,Wrzesień
245,2,9,Wrzesień
246,3,9,Wrzesień
247,4,9,Wrzesień
248,5,9,Wrzesień
249,6,9,Wrzesień
250,7,9,Wrzesień
251,8,9,Wrzesień
252,9,9,Wrzesień
253,10,9,Wrzesień
254,11,9,Wrzesień
255,12,9,Wrzesień
256,13,9,Wrzesień
257,14,9,Wrzesień
258,15,9,Wrzesień
259,16,9,Wrzesień
260,17,9,Wrzesień
261,18,9,Wrzesień
262,19,9,Wrzesień
263,20,9,Wrzesień
264,21,9,Wrzesień
265,22,9,Wrzesień
266,23,9,Wrzesień
267,24,9,Wrzesień
268,25,9,Wrzesień
269,26,9,Wrzesień
270,27,9,Wrzesień
271,28,9,Wrzesień
272,29,9,Wrzesień
273,30,9,Wrzesień
274,1,10,Październik
275,2,10,Październik
276,3,10,Październik
277,4,10,Październik
278,5,10,Październik
279,6,10,Październik
280,7,10,Październik
281,8,10,Październik
282,9,10,Październik
283,10,10,Październik
284,11,10,Październik
285,12,10,Październik
286,13,10,Październik
287,14,10,Październik
288,15,10,Październik
289,16,10,Październik
290,17,10,Październik
291,18,10,Październik
292,19,10,Październik
293,20,10,Październik
294,21,10,Październik
295,22,10,Październik
296,23,10,Październik
297,24,10,Październik
298,25,10,Październik
299,26,10,Październik
300,27,10,Październik
300,28,10,Październik
302,29,10,Październik
303,30,10,Październik
304,31,10,Październik
305,1,11,Listopad
306,2,11,Listopad
307,3,11,Listopad
308,4,11,Listopad
309,5,11,Listopad
310,6,11,Listopad
311,7,11,Listopad
312,8,11,Listopad
313,9,11,Listopad
314,10,11,Listopad
315,11,11,Listopad
316,12,11,Listopad
317,13,11,Listopad
318,14,11,Listopad
319,15,11,Listopad
320,16,11,Listopad
321,17,11,Listopad
322,18,11,Listopad
323,19,11,Listopad
324,20,11,Listopad
325,21,11,Listopad
326,22,11,Listopad
327,23,11,Listopad
328,24,11,Listopad
329,25,11,Listopad
330,26,11,Listopad
331,27,11,Listopad
332,28,11,Listopad
333,29,11,Listopad
334,30,11,Listopad
335,1,12,Grudzień
336,2,12,Grudzień
337,3,12,Grudzień
338,4,12,Grudzień
339,5,12,Grudzień
340,6,12,Grudzień
341,7,12,Grudzień
342,8,12,Grudzień
343,9,12,Grudzień
344,10,12,Grudzień
345,11,12,Grudzień
346,12,12,Grudzień
347,13,12,Grudzień
348,14,12,Grudzień
349,15,12,Grudzień
350,16,12,Grudzień
351,17,12,Grudzień
352,18,12,Grudzień
353,19,12,Grudzień
354,20,12,Grudzień
355,21,12,Grudzień
356,22,12,Grudzień
357,23,12,Grudzień
358,24,12,Grudzień
359,25,12,Grudzień
360,26,12,Grudzień
361,27,12,Grudzień
362,28,12,Grudzień
363,29,12,Grudzień
364,30,12,Grudzień
365,31,12,Grudzień
